{
"apiVersion": "V2",
"assemblies": [
{
  "files": [
    {
      "filePath": "data_summary.tsv",
      "fileType": "DATA_TABLE",
      "uncompressedLengthBytes": "552"
    },
    {
      "filePath": "assembly_data_report.jsonl",
      "fileType": "DATA_REPORT",
      "uncompressedLengthBytes": "6752"
    }
  ]
},{
  "accession": "GCA_003266045.1",
  "files": [
    {
      "filePath": "GCA_003266045.1/GCA_003266045.1_ASM326604v1_genomic.fna",
      "fileType": "GENOMIC_NUCLEOTIDE_FASTA"
    }
  ]
},{
  "accession": "GCF_003266045.1",
  "files": [
    {
      "filePath": "GCF_003266045.1/GCF_003266045.1_ASM326604v1_genomic.fna",
      "fileType": "GENOMIC_NUCLEOTIDE_FASTA"
    }
  ]
}]}
